y_true,y_pred
4.787492,4.840715
0.693147,0.982695
6.579251,6.610164
0.693147,1.300924
0.693147,1.300924
2.639057,2.420571
2.639057,2.420571
2.484907,2.420571
4.787492,4.781440
6.579251,6.479633
8.525162,8.399612
0.693147,0.982695
2.302585,2.420571
0.693147,1.984085
2.639057,2.420571
0.693147,1.711041
4.787492,4.781440
2.079442,1.918871
3.871201,2.420571
2.484907,2.420571
0.693147,1.711041
2.079442,1.826766
2.302585,2.420571
4.787492,4.781440
0.000000,0.966161
6.579251,6.610164
0.693147,0.982695
0.693147,1.711041
0.693147,0.716061
2.639057,2.420571
8.525162,8.399612
0.693147,1.711041
0.693147,0.466564
6.579251,6.479633
0.693147,0.982695
2.302585,2.420571
0.693147,1.095726
4.787492,4.840715
0.693147,0.528414
2.484907,1.907476
8.525162,8.399612
6.579251,6.610164
8.525162,8.399612
6.579251,6.479633
2.302585,2.420571
8.525162,8.399612
6.579251,6.479633
4.787492,4.840715
2.484907,2.530497
0.693147,0.920024
6.579251,6.479633
0.693147,1.711041
2.302585,2.420571
2.302585,2.420571
2.639057,2.420571
2.484907,2.420571
4.787492,4.840715
0.693147,0.708153
2.639057,2.420571
4.787492,4.781440
8.525162,8.399612
3.871201,2.420571
1.386294,0.706105
2.302585,2.420571
0.693147,1.200561
2.302585,2.420571
0.693147,0.982695
2.302585,2.420571
2.302585,2.420571
2.484907,2.420571
4.787492,4.781440
0.693147,0.599411
2.484907,2.420571
0.693147,1.300924
6.579251,6.610164
2.639057,2.420571
2.639057,2.420571
0.693147,0.535683
2.639057,2.420571
3.178054,3.224684
6.579251,6.610164
8.525162,8.399612
4.276666,2.420571
0.693147,1.711041
4.787492,4.781440
0.693147,1.040352
3.871201,2.151610
2.484907,2.420571
3.178054,3.224684
6.579251,6.479633
4.276666,2.420571
8.525162,8.399612
2.302585,2.420571
6.579251,6.610164
0.693147,1.168837
0.693147,1.711041
2.302585,2.420571
2.302585,2.420571
3.871201,2.420571
2.484907,2.530497
2.639057,2.420571
3.871201,2.151610
6.579251,6.610164
8.525162,8.399612
1.386294,0.953248
0.693147,0.553513
2.484907,2.420571
2.639057,2.420571
6.579251,6.610164
0.693147,0.730384
2.302585,2.420571
2.639057,2.420571
3.178054,3.224684
3.871201,2.151610
4.787492,4.840715
0.693147,0.982695
2.302585,2.420571
0.693147,0.982695
1.386294,1.837819
6.579251,6.479633
0.693147,1.300924
0.000000,0.317501
3.871201,2.420571
6.579251,6.610164
6.579251,6.610164
6.579251,6.479633
2.302585,2.420571
6.579251,6.479633
1.386294,1.527644
0.693147,1.300924
3.871201,2.151610
1.386294,1.275156
4.787492,4.781440
0.693147,1.300924
6.579251,6.479633
0.693147,0.982695
3.178054,3.224684
2.639057,2.420571
0.693147,0.982695
4.787492,4.781440
0.000000,0.813687
0.693147,1.300924
1.386294,1.581784
4.787492,4.840715
0.693147,1.300924
3.178054,3.224684
2.302585,2.420571
0.693147,0.982695
2.484907,2.530497
2.302585,2.420571
8.525162,8.399612
3.871201,2.151610
2.302585,2.420571
2.639057,2.420571
3.178054,3.224684
0.693147,1.078079
4.787492,4.840715
6.579251,6.479633
3.871201,2.420571
2.484907,2.420571
6.579251,6.479633
3.178054,3.224684
0.693147,0.982695
2.484907,2.065241
0.693147,0.523937
2.639057,2.420571
3.178054,3.224684
0.693147,1.300924
2.302585,2.420571
6.579251,6.479633
2.484907,1.907476
4.787492,4.781440
2.484907,2.530497
6.579251,6.610164
0.693147,1.711041
4.787492,4.840715
2.639057,2.420571
0.693147,1.711041
0.693147,1.047748
6.579251,6.479633
3.178054,3.224684
0.693147,1.711041
3.871201,2.420571
4.787492,4.781440
0.693147,0.647120
0.693147,0.553513
2.484907,2.420571
2.302585,2.420571
6.579251,6.610164
8.525162,8.399612
4.787492,4.781440
2.302585,2.420571
0.693147,0.982695
8.525162,8.399612
4.787492,4.840715
6.579251,6.479633
2.639057,2.420571
2.302585,2.420571
0.693147,1.711041
0.693147,0.473042
4.787492,4.840715
4.787492,4.840715
2.302585,2.420571
2.639057,2.420571
0.693147,0.982695
0.693147,1.711041
1.386294,1.538443
6.579251,6.479633
0.693147,1.596294
4.787492,4.840715
4.787492,4.781440
4.787492,4.840715
3.871201,2.122642
1.386294,1.466188
2.302585,2.420571
8.525162,8.399612
0.693147,1.711041
3.178054,3.224684
1.386294,1.554182
6.579251,6.610164
3.871201,2.420571
2.302585,2.420571
3.178054,3.224684
4.276666,2.530497
4.787492,4.781440
2.484907,2.065241
2.484907,2.420571
0.693147,1.300924
2.079442,1.855935
3.178054,3.224684
1.386294,1.361870
8.525162,8.399612
2.302585,2.420571
2.302585,2.420571
2.484907,1.466188
6.579251,6.610164
0.693147,1.078079
2.484907,2.420571
1.386294,0.525964
6.579251,6.610164
3.178054,3.224684
4.276666,2.420571
1.386294,0.706105
0.693147,0.982695
2.484907,2.420571
2.302585,2.420571
0.693147,0.626897
1.386294,1.466188
1.791759,1.976954
3.871201,2.151610
2.639057,2.420571
2.302585,2.420571
1.386294,1.554182
2.484907,2.420571
2.302585,2.420571
0.693147,1.300924
0.693147,1.300924
6.579251,6.479633
0.693147,1.711041
4.787492,4.781440
1.386294,1.196296
3.178054,3.224684
2.302585,2.420571
0.693147,0.982695
2.639057,2.420571
2.302585,2.420571
0.693147,1.300924
3.871201,2.151610
4.787492,4.781440
3.178054,3.224684
2.302585,2.420571
6.579251,6.610164
2.639057,2.420571
6.579251,6.610164
4.276666,2.420571
3.178054,3.224684
0.693147,1.711041
8.525162,8.399612
3.178054,3.224684
2.484907,1.109198
4.787492,4.840715
0.693147,0.982695
4.787492,4.840715
2.302585,2.420571
0.693147,0.982695
4.787492,4.781440
3.871201,2.420571
2.484907,2.420571
4.787492,4.840715
2.302585,2.420571
0.693147,1.300924
2.639057,2.420571
4.787492,4.840715
3.871201,2.420571
0.693147,0.982695
2.302585,2.420571
1.386294,1.078079
0.693147,1.711041
8.525162,8.399612
3.178054,3.224684
